Year,Age category,Single Year of Age,UNIT,VALUE,Age Group
2013,200,0,Number,68583,0-14 years old
2013,001,1,Number,71785,0-14 years old
2013,002,2,Number,70638,0-14 years old
2013,003,3,Number,71057,0-14 years old
2013,004,4,Number,70956,0-14 years old
2013,005,5,Number,71923,0-14 years old
2013,006,6,Number,66561,0-14 years old
2013,007,7,Number,65092,0-14 years old
2013,008,8,Number,65035,0-14 years old
2013,009,9,Number,64418,0-14 years old
2013,010,10,Number,63531,0-14 years old
2013,011,11,Number,62233,0-14 years old
2013,012,12,Number,61009,0-14 years old
2013,013,13,Number,60321,0-14 years old
2013,014,14,Number,60767,0-14 years old
2013,015,15,Number,59555,15-24 years old
2013,016,16,Number,58103,15-24 years old
2013,017,17,Number,55957,15-24 years old
2013,018,18,Number,55485,15-24 years old
2013,019,19,Number,55285,15-24 years old
2013,020,20,Number,55635,15-24 years old
2013,021,21,Number,54331,15-24 years old
2013,022,22,Number,56510,15-24 years old
2013,023,23,Number,55930,15-24 years old
2013,024,24,Number,56487,15-24 years old
2013,025,25,Number,58836,25-44 years old
2013,026,26,Number,61342,25-44 years old
2013,027,27,Number,64878,25-44 years old
2013,028,28,Number,66844,25-44 years old
2013,029,29,Number,69940,25-44 years old
2013,030,30,Number,74977,25-44 years old
2013,031,31,Number,77785,25-44 years old
2013,032,32,Number,81150,25-44 years old
2013,033,33,Number,80253,25-44 years old
2013,034,34,Number,77200,25-44 years old
2013,035,35,Number,74791,25-44 years old
2013,036,36,Number,74178,25-44 years old
2013,037,37,Number,73412,25-44 years old
2013,038,38,Number,73109,25-44 years old
2013,039,39,Number,71358,25-44 years old
2013,040,40,Number,71454,25-44 years old
2013,041,41,Number,69743,25-44 years old
2013,042,42,Number,69186,25-44 years old
2013,043,43,Number,67113,25-44 years old
2013,044,44,Number,63532,25-44 years old
2013,045,45,Number,62806,45-64 years old
2013,046,46,Number,62236,45-64 years old
2013,047,47,Number,61962,45-64 years old
2013,048,48,Number,62451,45-64 years old
2013,049,49,Number,60662,45-64 years old
2013,050,50,Number,59038,45-64 years old
2013,051,51,Number,57322,45-64 years old
2013,052,52,Number,57705,45-64 years old
2013,053,53,Number,55396,45-64 years old
2013,054,54,Number,53317,45-64 years old
2013,055,55,Number,52684,45-64 years old
2013,056,56,Number,51499,45-64 years old
2013,057,57,Number,49848,45-64 years old
2013,058,58,Number,49515,45-64 years old
2013,059,59,Number,47581,45-64 years old
2013,060,60,Number,47682,45-64 years old
2013,061,61,Number,45028,45-64 years old
2013,062,62,Number,44183,45-64 years old
2013,063,63,Number,43496,45-64 years old
2013,064,64,Number,42804,45-64 years old
2013,065,65,Number,41988,65 and over
2013,066,66,Number,40246,65 and over
2013,067,67,Number,38736,65 and over
2013,068,68,Number,35470,65 and over
2013,069,69,Number,33585,65 and over
2013,070,70,Number,31561,65 and over
2013,071,71,Number,28378,65 and over
2013,072,72,Number,26901,65 and over
2013,073,73,Number,26545,65 and over
2013,074,74,Number,25301,65 and over
2013,075,75,Number,23301,65 and over
2013,076,76,Number,22472,65 and over
2013,077,77,Number,21363,65 and over
2013,078,78,Number,20118,65 and over
2013,079,79,Number,19100,65 and over
2013,080,80,Number,17121,65 and over
2013,081,81,Number,15793,65 and over
2013,082,82,Number,14903,65 and over
2013,083,83,Number,13435,65 and over
2013,084,84,Number,12130,65 and over
2013,085,85,Number,10509,65 and over
2013,086,86,Number,9262,65 and over
2013,087,87,Number,8011,65 and over
2013,088,88,Number,7284,65 and over
2013,089,89,Number,6241,65 and over
2013,090,90,Number,4858,65 and over
2013,091,91,Number,3469,65 and over
2013,092,92,Number,3041,65 and over
2013,093,93,Number,2285,65 and over
2013,094,94,Number,1637,65 and over
2013,095,95,Number,1181,65 and over
2013,096,96,Number,1011,65 and over
2013,097,97,Number,669,65 and over
2013,098,98,Number,429,65 and over
2013,646,99,Number,852,65 and over
2014,200,0,Number,66935,0-14 years old
2014,001,1,Number,67658,0-14 years old
2014,002,2,Number,70776,0-14 years old
2014,003,3,Number,69914,0-14 years old
2014,004,4,Number,70075,0-14 years old
2014,005,5,Number,72958,0-14 years old
2014,006,6,Number,71172,0-14 years old
2014,007,7,Number,67412,0-14 years old
2014,008,8,Number,65353,0-14 years old
2014,009,9,Number,65207,0-14 years old
2014,010,10,Number,63957,0-14 years old
2014,011,11,Number,63289,0-14 years old
2014,012,12,Number,61999,0-14 years old
2014,013,13,Number,60720,0-14 years old
2014,014,14,Number,60091,0-14 years old
2014,015,15,Number,60993,15-24 years old
2014,016,16,Number,59478,15-24 years old
2014,017,17,Number,58022,15-24 years old
2014,018,18,Number,56673,15-24 years old
2014,019,19,Number,55413,15-24 years old
2014,020,20,Number,54712,15-24 years old
2014,021,21,Number,54666,15-24 years old
2014,022,22,Number,54355,15-24 years old
2014,023,23,Number,56656,15-24 years old
2014,024,24,Number,56254,15-24 years old
2014,025,25,Number,56534,25-44 years old
2014,026,26,Number,57401,25-44 years old
2014,027,27,Number,62336,25-44 years old
2014,028,28,Number,63901,25-44 years old
2014,029,29,Number,65710,25-44 years old
2014,030,30,Number,70047,25-44 years old
2014,031,31,Number,74443,25-44 years old
2014,032,32,Number,77507,25-44 years old
2014,033,33,Number,80691,25-44 years old
2014,034,34,Number,79791,25-44 years old
2014,035,35,Number,76917,25-44 years old
2014,036,36,Number,75490,25-44 years old
2014,037,37,Number,73829,25-44 years old
2014,038,38,Number,73154,25-44 years old
2014,039,39,Number,72211,25-44 years old
2014,040,40,Number,71363,25-44 years old
2014,041,41,Number,71234,25-44 years old
2014,042,42,Number,69407,25-44 years old
2014,043,43,Number,68679,25-44 years old
2014,044,44,Number,66678,25-44 years old
2014,045,45,Number,63577,45-64 years old
2014,046,46,Number,62637,45-64 years old
2014,047,47,Number,62156,45-64 years old
2014,048,48,Number,61879,45-64 years old
2014,049,49,Number,62343,45-64 years old
2014,050,50,Number,60511,45-64 years old
2014,051,51,Number,58879,45-64 years old
2014,052,52,Number,57153,45-64 years old
2014,053,53,Number,57458,45-64 years old
2014,054,54,Number,55230,45-64 years old
2014,055,55,Number,53089,45-64 years old
2014,056,56,Number,52055,45-64 years old
2014,057,57,Number,51618,45-64 years old
2014,058,58,Number,49618,45-64 years old
2014,059,59,Number,49298,45-64 years old
2014,060,60,Number,47234,45-64 years old
2014,061,61,Number,47369,45-64 years old
2014,062,62,Number,44723,45-64 years old
2014,063,63,Number,43869,45-64 years old
2014,064,64,Number,43199,45-64 years old
2014,065,65,Number,42364,65 and over
2014,066,66,Number,41584,65 and over
2014,067,67,Number,39887,65 and over
2014,068,68,Number,38277,65 and over
2014,069,69,Number,35108,65 and over
2014,070,70,Number,33073,65 and over
2014,071,71,Number,31015,65 and over
2014,072,72,Number,27849,65 and over
2014,073,73,Number,26381,65 and over
2014,074,74,Number,26079,65 and over
2014,075,75,Number,24614,65 and over
2014,076,76,Number,22546,65 and over
2014,077,77,Number,21785,65 and over
2014,078,78,Number,20677,65 and over
2014,079,79,Number,19467,65 and over
2014,080,80,Number,18221,65 and over
2014,081,81,Number,16188,65 and over
2014,082,82,Number,14977,65 and over
2014,083,83,Number,14049,65 and over
2014,084,84,Number,12683,65 and over
2014,085,85,Number,11068,65 and over
2014,086,86,Number,9383,65 and over
2014,087,87,Number,8245,65 and over
2014,088,88,Number,7131,65 and over
2014,089,89,Number,6512,65 and over
2014,090,90,Number,5088,65 and over
2014,091,91,Number,3760,65 and over
2014,092,92,Number,3200,65 and over
2014,093,93,Number,2198,65 and over
2014,094,94,Number,1790,65 and over
2014,095,95,Number,1297,65 and over
2014,096,96,Number,974,65 and over
2014,097,97,Number,699,65 and over
2014,098,98,Number,455,65 and over
2014,646,99,Number,860,65 and over
2015,200,0,Number,64160,0-14 years old
2015,001,1,Number,66275,0-14 years old
2015,002,2,Number,66962,0-14 years old
2015,003,3,Number,71010,0-14 years old
2015,004,4,Number,69525,0-14 years old
2015,005,5,Number,72892,0-14 years old
2015,006,6,Number,72337,0-14 years old
2015,007,7,Number,71109,0-14 years old
2015,008,8,Number,67709,0-14 years old
2015,009,9,Number,65285,0-14 years old
2015,010,10,Number,64665,0-14 years old
2015,011,11,Number,63667,0-14 years old
2015,012,12,Number,63200,0-14 years old
2015,013,13,Number,61939,0-14 years old
2015,014,14,Number,60970,0-14 years old
2015,015,15,Number,60593,15-24 years old
2015,016,16,Number,61053,15-24 years old
2015,017,17,Number,59470,15-24 years old
2015,018,18,Number,59232,15-24 years old
2015,019,19,Number,55785,15-24 years old
2015,020,20,Number,55384,15-24 years old
2015,021,21,Number,53913,15-24 years old
2015,022,22,Number,54614,15-24 years old
2015,023,23,Number,54511,15-24 years old
2015,024,24,Number,57055,15-24 years old
2015,025,25,Number,56500,25-44 years old
2015,026,26,Number,56219,25-44 years old
2015,027,27,Number,60777,25-44 years old
2015,028,28,Number,61167,25-44 years old
2015,029,29,Number,64025,25-44 years old
2015,030,30,Number,66969,25-44 years old
2015,031,31,Number,69865,25-44 years old
2015,032,32,Number,74611,25-44 years old
2015,033,33,Number,77375,25-44 years old
2015,034,34,Number,80331,25-44 years old
2015,035,35,Number,80051,25-44 years old
2015,036,36,Number,78790,25-44 years old
2015,037,37,Number,74964,25-44 years old
2015,038,38,Number,73619,25-44 years old
2015,039,39,Number,72351,25-44 years old
2015,040,40,Number,72847,25-44 years old
2015,041,41,Number,71375,25-44 years old
2015,042,42,Number,71067,25-44 years old
2015,043,43,Number,69213,25-44 years old
2015,044,44,Number,68495,25-44 years old
2015,045,45,Number,67392,45-64 years old
2015,046,46,Number,63241,45-64 years old
2015,047,47,Number,62619,45-64 years old
2015,048,48,Number,62041,45-64 years old
2015,049,49,Number,61715,45-64 years old
2015,050,50,Number,62131,45-64 years old
2015,051,51,Number,60282,45-64 years old
2015,052,52,Number,58629,45-64 years old
2015,053,53,Number,56930,45-64 years old
2015,054,54,Number,57216,45-64 years old
2015,055,55,Number,54951,45-64 years old
2015,056,56,Number,52198,45-64 years old
2015,057,57,Number,53046,45-64 years old
2015,058,58,Number,50979,45-64 years old
2015,059,59,Number,49380,45-64 years old
2015,060,60,Number,49098,45-64 years old
2015,061,61,Number,46801,45-64 years old
2015,062,62,Number,47040,45-64 years old
2015,063,63,Number,44385,45-64 years old
2015,064,64,Number,43517,45-64 years old
2015,065,65,Number,42829,65 and over
2015,066,66,Number,42050,65 and over
2015,067,67,Number,41280,65 and over
2015,068,68,Number,39499,65 and over
2015,069,69,Number,37908,65 and over
2015,070,70,Number,34593,65 and over
2015,071,71,Number,32493,65 and over
2015,072,72,Number,30477,65 and over
2015,073,73,Number,27367,65 and over
2015,074,74,Number,25914,65 and over
2015,075,75,Number,25329,65 and over
2015,076,76,Number,23865,65 and over
2015,077,77,Number,21878,65 and over
2015,078,78,Number,21075,65 and over
2015,079,79,Number,20023,65 and over
2015,080,80,Number,18643,65 and over
2015,081,81,Number,17278,65 and over
2015,082,82,Number,15322,65 and over
2015,083,83,Number,14202,65 and over
2015,084,84,Number,13334,65 and over
2015,085,85,Number,11584,65 and over
2015,086,86,Number,9918,65 and over
2015,087,87,Number,8406,65 and over
2015,088,88,Number,7393,65 and over
2015,089,89,Number,6370,65 and over
2015,090,90,Number,5357,65 and over
2015,091,91,Number,3962,65 and over
2015,092,92,Number,3399,65 and over
2015,093,93,Number,2275,65 and over
2015,094,94,Number,1719,65 and over
2015,095,95,Number,1368,65 and over
2015,096,96,Number,1030,65 and over
2015,097,97,Number,670,65 and over
2015,098,98,Number,542,65 and over
2015,646,99,Number,918,65 and over
2016,200,0,Number,62209,0-14 years old
2016,001,1,Number,63955,0-14 years old
2016,002,2,Number,66260,0-14 years old
2016,003,3,Number,68120,0-14 years old
2016,004,4,Number,70834,0-14 years old
2016,005,5,Number,72359,0-14 years old
2016,006,6,Number,72463,0-14 years old
2016,007,7,Number,72066,0-14 years old
2016,008,8,Number,71458,0-14 years old
2016,009,9,Number,66904,0-14 years old
2016,010,10,Number,64701,0-14 years old
2016,011,11,Number,63964,0-14 years old
2016,012,12,Number,64211,0-14 years old
2016,013,13,Number,63369,0-14 years old
2016,014,14,Number,62611,0-14 years old
2016,015,15,Number,61124,15-24 years old
2016,016,16,Number,60914,15-24 years old
2016,017,17,Number,60965,15-24 years old
2016,018,18,Number,60962,15-24 years old
2016,019,19,Number,57267,15-24 years old
2016,020,20,Number,55905,15-24 years old
2016,021,21,Number,54462,15-24 years old
2016,022,22,Number,54176,15-24 years old
2016,023,23,Number,54120,15-24 years old
2016,024,24,Number,54802,15-24 years old
2016,025,25,Number,57268,25-44 years old
2016,026,26,Number,56233,25-44 years old
2016,027,27,Number,61533,25-44 years old
2016,028,28,Number,59180,25-44 years old
2016,029,29,Number,62465,25-44 years old
2016,030,30,Number,67918,25-44 years old
2016,031,31,Number,68006,25-44 years old
2016,032,32,Number,71498,25-44 years old
2016,033,33,Number,75366,25-44 years old
2016,034,34,Number,77514,25-44 years old
2016,035,35,Number,81268,25-44 years old
2016,036,36,Number,82954,25-44 years old
2016,037,37,Number,76908,25-44 years old
2016,038,38,Number,74372,25-44 years old
2016,039,39,Number,72563,25-44 years old
2016,040,40,Number,73227,25-44 years old
2016,041,41,Number,71795,25-44 years old
2016,042,42,Number,71010,25-44 years old
2016,043,43,Number,71014,25-44 years old
2016,044,44,Number,69428,25-44 years old
2016,045,45,Number,70220,45-64 years old
2016,046,46,Number,66929,45-64 years old
2016,047,47,Number,63471,45-64 years old
2016,048,48,Number,62745,45-64 years old
2016,049,49,Number,61552,45-64 years old
2016,050,50,Number,61773,45-64 years old
2016,051,51,Number,61476,45-64 years old
2016,052,52,Number,59907,45-64 years old
2016,053,53,Number,58605,45-64 years old
2016,054,54,Number,56688,45-64 years old
2016,055,55,Number,56889,45-64 years old
2016,056,56,Number,54587,45-64 years old
2016,057,57,Number,54049,45-64 years old
2016,058,58,Number,51981,45-64 years old
2016,059,59,Number,50707,45-64 years old
2016,060,60,Number,49484,45-64 years old
2016,061,61,Number,48861,45-64 years old
2016,062,62,Number,46716,45-64 years old
2016,063,63,Number,46933,45-64 years old
2016,064,64,Number,44476,45-64 years old
2016,065,65,Number,43529,65 and over
2016,066,66,Number,42907,65 and over
2016,067,67,Number,41761,65 and over
2016,068,68,Number,40781,65 and over
2016,069,69,Number,38991,65 and over
2016,070,70,Number,37344,65 and over
2016,071,71,Number,34090,65 and over
2016,072,72,Number,31888,65 and over
2016,073,73,Number,29768,65 and over
2016,074,74,Number,26812,65 and over
2016,075,75,Number,25079,65 and over
2016,076,76,Number,24393,65 and over
2016,077,77,Number,23078,65 and over
2016,078,78,Number,21296,65 and over
2016,079,79,Number,20332,65 and over
2016,080,80,Number,19113,65 and over
2016,081,81,Number,17705,65 and over
2016,082,82,Number,16237,65 and over
2016,083,83,Number,14391,65 and over
2016,084,84,Number,13019,65 and over
2016,085,85,Number,11886,65 and over
2016,086,86,Number,10291,65 and over
2016,087,87,Number,8757,65 and over
2016,088,88,Number,7365,65 and over
2016,089,89,Number,6402,65 and over
2016,090,90,Number,5362,65 and over
2016,091,91,Number,4370,65 and over
2016,092,92,Number,3414,65 and over
2016,093,93,Number,2727,65 and over
2016,094,94,Number,2061,65 and over
2016,095,95,Number,1548,65 and over
2016,096,96,Number,1201,65 and over
2016,097,97,Number,730,65 and over
2016,098,98,Number,449,65 and over
2016,646,99,Number,770,65 and over
2017,200,0,Number,63468,0-14 years old
2017,001,1,Number,62571,0-14 years old
2017,002,2,Number,64147,0-14 years old
2017,003,3,Number,66505,0-14 years old
2017,004,4,Number,68282,0-14 years old
2017,005,5,Number,71153,0-14 years old
2017,006,6,Number,72699,0-14 years old
2017,007,7,Number,72781,0-14 years old
2017,008,8,Number,72408,0-14 years old
2017,009,9,Number,71678,0-14 years old
2017,010,10,Number,67214,0-14 years old
2017,011,11,Number,64979,0-14 years old
2017,012,12,Number,64341,0-14 years old
2017,013,13,Number,64587,0-14 years old
2017,014,14,Number,63543,0-14 years old
2017,015,15,Number,63066,15-24 years old
2017,016,16,Number,61725,15-24 years old
2017,017,17,Number,61562,15-24 years old
2017,018,18,Number,61681,15-24 years old
2017,019,19,Number,61559,15-24 years old
2017,020,20,Number,57926,15-24 years old
2017,021,21,Number,56290,15-24 years old
2017,022,22,Number,54735,15-24 years old
2017,023,23,Number,54318,15-24 years old
2017,024,24,Number,54152,15-24 years old
2017,025,25,Number,55652,25-44 years old
2017,026,26,Number,58360,25-44 years old
2017,027,27,Number,57274,25-44 years old
2017,028,28,Number,62394,25-44 years old
2017,029,29,Number,60281,25-44 years old
2017,030,30,Number,63480,25-44 years old
2017,031,31,Number,68624,25-44 years old
2017,032,32,Number,68760,25-44 years old
2017,033,33,Number,72173,25-44 years old
2017,034,34,Number,76134,25-44 years old
2017,035,35,Number,78034,25-44 years old
2017,036,36,Number,81839,25-44 years old
2017,037,37,Number,83552,25-44 years old
2017,038,38,Number,77683,25-44 years old
2017,039,39,Number,75015,25-44 years old
2017,040,40,Number,73290,25-44 years old
2017,041,41,Number,73987,25-44 years old
2017,042,42,Number,72709,25-44 years old
2017,043,43,Number,72018,25-44 years old
2017,044,44,Number,71997,25-44 years old
2017,045,45,Number,70140,45-64 years old
2017,046,46,Number,70447,45-64 years old
2017,047,47,Number,67197,45-64 years old
2017,048,48,Number,63785,45-64 years old
2017,049,49,Number,63013,45-64 years old
2017,050,50,Number,61813,45-64 years old
2017,051,51,Number,61986,45-64 years old
2017,052,52,Number,61735,45-64 years old
2017,053,53,Number,60178,45-64 years old
2017,054,54,Number,58823,45-64 years old
2017,055,55,Number,56927,45-64 years old
2017,056,56,Number,57071,45-64 years old
2017,057,57,Number,54760,45-64 years old
2017,058,58,Number,54304,45-64 years old
2017,059,59,Number,52178,45-64 years old
2017,060,60,Number,50871,45-64 years old
2017,061,61,Number,49587,45-64 years old
2017,062,62,Number,49000,45-64 years old
2017,063,63,Number,46950,45-64 years old
2017,064,64,Number,47096,45-64 years old
2017,065,65,Number,44340,65 and over
2017,066,66,Number,43732,65 and over
2017,067,67,Number,42598,65 and over
2017,068,68,Number,41560,65 and over
2017,069,69,Number,40434,65 and over
2017,070,70,Number,38573,65 and over
2017,071,71,Number,36977,65 and over
2017,072,72,Number,33614,65 and over
2017,073,73,Number,31537,65 and over
2017,074,74,Number,29382,65 and over
2017,075,75,Number,26221,65 and over
2017,076,76,Number,24352,65 and over
2017,077,77,Number,23637,65 and over
2017,078,78,Number,22327,65 and over
2017,079,79,Number,20811,65 and over
2017,080,80,Number,19379,65 and over
2017,081,81,Number,18098,65 and over
2017,082,82,Number,16740,65 and over
2017,083,83,Number,15382,65 and over
2017,084,84,Number,13604,65 and over
2017,085,85,Number,11980,65 and over
2017,086,86,Number,10632,65 and over
2017,087,87,Number,9261,65 and over
2017,088,88,Number,7830,65 and over
2017,089,89,Number,6644,65 and over
2017,090,90,Number,5331,65 and over
2017,091,91,Number,4352,65 and over
2017,092,92,Number,3522,65 and over
2017,093,93,Number,2781,65 and over
2017,094,94,Number,2171,65 and over
2017,095,95,Number,1392,65 and over
2017,096,96,Number,785,65 and over
2017,097,97,Number,732,65 and over
2017,098,98,Number,637,65 and over
2017,646,99,Number,1060,65 and over
2018,200,0,Number,61719,0-14 years old
2018,001,1,Number,63885,0-14 years old
2018,002,2,Number,63066,0-14 years old
2018,003,3,Number,64488,0-14 years old
2018,004,4,Number,66883,0-14 years old
2018,005,5,Number,68946,0-14 years old
2018,006,6,Number,71561,0-14 years old
2018,007,7,Number,73081,0-14 years old
2018,008,8,Number,73180,0-14 years old
2018,009,9,Number,72855,0-14 years old
2018,010,10,Number,72085,0-14 years old
2018,011,11,Number,67626,0-14 years old
2018,012,12,Number,65404,0-14 years old
2018,013,13,Number,64768,0-14 years old
2018,014,14,Number,64883,0-14 years old
2018,015,15,Number,64590,15-24 years old
2018,016,16,Number,64410,15-24 years old
2018,017,17,Number,63025,15-24 years old
2018,018,18,Number,62931,15-24 years old
2018,019,19,Number,63133,15-24 years old
2018,020,20,Number,62867,15-24 years old
2018,021,21,Number,59299,15-24 years old
2018,022,22,Number,57507,15-24 years old
2018,023,23,Number,55975,15-24 years old
2018,024,24,Number,55515,15-24 years old
2018,025,25,Number,55332,25-44 years old
2018,026,26,Number,56818,25-44 years old
2018,027,27,Number,59564,25-44 years old
2018,028,28,Number,58408,25-44 years old
2018,029,29,Number,63268,25-44 years old
2018,030,30,Number,61237,25-44 years old
2018,031,31,Number,64321,25-44 years old
2018,032,32,Number,69444,25-44 years old
2018,033,33,Number,69707,25-44 years old
2018,034,34,Number,72992,25-44 years old
2018,035,35,Number,76821,25-44 years old
2018,036,36,Number,78768,25-44 years old
2018,037,37,Number,82426,25-44 years old
2018,038,38,Number,84253,25-44 years old
2018,039,39,Number,78365,25-44 years old
2018,040,40,Number,75684,25-44 years old
2018,041,41,Number,74060,25-44 years old
2018,042,42,Number,74760,25-44 years old
2018,043,43,Number,73577,25-44 years old
2018,044,44,Number,72963,25-44 years old
2018,045,45,Number,72203,45-64 years old
2018,046,46,Number,70006,45-64 years old
2018,047,47,Number,70336,45-64 years old
2018,048,48,Number,67136,45-64 years old
2018,049,49,Number,63802,45-64 years old
2018,050,50,Number,63061,45-64 years old
2018,051,51,Number,61808,45-64 years old
2018,052,52,Number,61922,45-64 years old
2018,053,53,Number,61700,45-64 years old
2018,054,54,Number,60141,45-64 years old
2018,055,55,Number,58737,45-64 years old
2018,056,56,Number,56850,45-64 years old
2018,057,57,Number,57018,45-64 years old
2018,058,58,Number,54684,45-64 years old
2018,059,59,Number,54285,45-64 years old
2018,060,60,Number,52106,45-64 years old
2018,061,61,Number,50793,45-64 years old
2018,062,62,Number,49499,45-64 years old
2018,063,63,Number,48895,45-64 years old
2018,064,64,Number,47037,45-64 years old
2018,065,65,Number,46774,65 and over
2018,066,66,Number,44679,65 and over
2018,067,67,Number,42848,65 and over
2018,068,68,Number,42367,65 and over
2018,069,69,Number,41129,65 and over
2018,070,70,Number,39950,65 and over
2018,071,71,Number,38242,65 and over
2018,072,72,Number,36294,65 and over
2018,073,73,Number,33259,65 and over
2018,074,74,Number,31035,65 and over
2018,075,75,Number,28717,65 and over
2018,076,76,Number,25423,65 and over
2018,077,77,Number,23596,65 and over
2018,078,78,Number,22931,65 and over
2018,079,79,Number,21901,65 and over
2018,080,80,Number,19686,65 and over
2018,081,81,Number,18301,65 and over
2018,082,82,Number,17118,65 and over
2018,083,83,Number,15847,65 and over
2018,084,84,Number,14530,65 and over
2018,085,85,Number,12440,65 and over
2018,086,86,Number,10794,65 and over
2018,087,87,Number,9543,65 and over
2018,088,88,Number,8364,65 and over
2018,089,89,Number,7059,65 and over
2018,090,90,Number,5441,65 and over
2018,091,91,Number,4319,65 and over
2018,092,92,Number,3568,65 and over
2018,093,93,Number,2877,65 and over
2018,094,94,Number,2287,65 and over
2018,095,95,Number,1485,65 and over
2018,096,96,Number,806,65 and over
2018,097,97,Number,761,65 and over
2018,098,98,Number,858,65 and over
2018,646,99,Number,1198,65 and over
2019,200,0,Number,60402,0-14 years old
2019,001,1,Number,62110,0-14 years old
2019,002,2,Number,64382,0-14 years old
2019,003,3,Number,63338,0-14 years old
2019,004,4,Number,64764,0-14 years old
2019,005,5,Number,67609,0-14 years old
2019,006,6,Number,69303,0-14 years old
2019,007,7,Number,71967,0-14 years old
2019,008,8,Number,73442,0-14 years old
2019,009,9,Number,73563,0-14 years old
2019,010,10,Number,73271,0-14 years old
2019,011,11,Number,72427,0-14 years old
2019,012,12,Number,68046,0-14 years old
2019,013,13,Number,65818,0-14 years old
2019,014,14,Number,65097,0-14 years old
2019,015,15,Number,65420,15-24 years old
2019,016,16,Number,65064,15-24 years old
2019,017,17,Number,64792,15-24 years old
2019,018,18,Number,63438,15-24 years old
2019,019,19,Number,63380,15-24 years old
2019,020,20,Number,63680,15-24 years old
2019,021,21,Number,63445,15-24 years old
2019,022,22,Number,60040,15-24 years old
2019,023,23,Number,57980,15-24 years old
2019,024,24,Number,56566,15-24 years old
2019,025,25,Number,56486,25-44 years old
2019,026,26,Number,56653,25-44 years old
2019,027,27,Number,58016,25-44 years old
2019,028,28,Number,60766,25-44 years old
2019,029,29,Number,59607,25-44 years old
2019,030,30,Number,64348,25-44 years old
2019,031,31,Number,62451,25-44 years old
2019,032,32,Number,65532,25-44 years old
2019,033,33,Number,70436,25-44 years old
2019,034,34,Number,70905,25-44 years old
2019,035,35,Number,73953,25-44 years old
2019,036,36,Number,77630,25-44 years old
2019,037,37,Number,79666,25-44 years old
2019,038,38,Number,83204,25-44 years old
2019,039,39,Number,85113,25-44 years old
2019,040,40,Number,79308,25-44 years old
2019,041,41,Number,76632,25-44 years old
2019,042,42,Number,75118,25-44 years old
2019,043,43,Number,75661,25-44 years old
2019,044,44,Number,74527,25-44 years old
2019,045,45,Number,73622,45-64 years old
2019,046,46,Number,72461,45-64 years old
2019,047,47,Number,70341,45-64 years old
2019,048,48,Number,70529,45-64 years old
2019,049,49,Number,67418,45-64 years old
2019,050,50,Number,64087,45-64 years old
2019,051,51,Number,63323,45-64 years old
2019,052,52,Number,62005,45-64 years old
2019,053,53,Number,62062,45-64 years old
2019,054,54,Number,61878,45-64 years old
2019,055,55,Number,60270,45-64 years old
2019,056,56,Number,58863,45-64 years old
2019,057,57,Number,56978,45-64 years old
2019,058,58,Number,57146,45-64 years old
2019,059,59,Number,54840,45-64 years old
2019,060,60,Number,54403,45-64 years old
2019,061,61,Number,52136,45-64 years old
2019,062,62,Number,50851,45-64 years old
2019,063,63,Number,49549,45-64 years old
2019,064,64,Number,48981,45-64 years old
2019,065,65,Number,46903,65 and over
2019,066,66,Number,46341,65 and over
2019,067,67,Number,43950,65 and over
2019,068,68,Number,42503,65 and over
2019,069,69,Number,41944,65 and over
2019,070,70,Number,40627,65 and over
2019,071,71,Number,39350,65 and over
2019,072,72,Number,37525,65 and over
2019,073,73,Number,35789,65 and over
2019,074,74,Number,33786,65 and over
2019,075,75,Number,30367,65 and over
2019,076,76,Number,27968,65 and over
2019,077,77,Number,26685,65 and over
2019,078,78,Number,22948,65 and over
2019,079,79,Number,22322,65 and over
2019,080,80,Number,20801,65 and over
2019,081,81,Number,18763,65 and over
2019,082,82,Number,17362,65 and over
2019,083,83,Number,16190,65 and over
2019,084,84,Number,15117,65 and over
2019,085,85,Number,13110,65 and over
2019,086,86,Number,10904,65 and over
2019,087,87,Number,9501,65 and over
2019,088,88,Number,8401,65 and over
2019,089,89,Number,7368,65 and over
2019,090,90,Number,6088,65 and over
2019,091,91,Number,4824,65 and over
2019,092,92,Number,3874,65 and over
2019,093,93,Number,3030,65 and over
2019,094,94,Number,2546,65 and over
2019,095,95,Number,1316,65 and over
2019,096,96,Number,870,65 and over
2019,097,97,Number,714,65 and over
2019,098,98,Number,509,65 and over
2019,646,99,Number,1076,65 and over
2020,200,0,Number,58167,0-14 years old
2020,001,1,Number,59948,0-14 years old
2020,002,2,Number,62394,0-14 years old
2020,003,3,Number,64610,0-14 years old
2020,004,4,Number,63589,0-14 years old
2020,005,5,Number,65761,0-14 years old
2020,006,6,Number,68312,0-14 years old
2020,007,7,Number,69872,0-14 years old
2020,008,8,Number,72428,0-14 years old
2020,009,9,Number,73840,0-14 years old
2020,010,10,Number,74085,0-14 years old
2020,011,11,Number,73529,0-14 years old
2020,012,12,Number,72540,0-14 years old
2020,013,13,Number,68371,0-14 years old
2020,014,14,Number,66205,0-14 years old
2020,015,15,Number,66051,15-24 years old
2020,016,16,Number,66505,15-24 years old
2020,017,17,Number,65629,15-24 years old
2020,018,18,Number,65313,15-24 years old
2020,019,19,Number,63920,15-24 years old
2020,020,20,Number,63509,15-24 years old
2020,021,21,Number,63847,15-24 years old
2020,022,22,Number,63739,15-24 years old
2020,023,23,Number,60852,15-24 years old
2020,024,24,Number,58558,15-24 years old
2020,025,25,Number,58216,25-44 years old
2020,026,26,Number,58152,25-44 years old
2020,027,27,Number,58318,25-44 years old
2020,028,28,Number,59654,25-44 years old
2020,029,29,Number,62026,25-44 years old
2020,030,30,Number,62000,25-44 years old
2020,031,31,Number,65626,25-44 years old
2020,032,32,Number,64306,25-44 years old
2020,033,33,Number,67816,25-44 years old
2020,034,34,Number,71837,25-44 years old
2020,035,35,Number,71964,25-44 years old
2020,036,36,Number,74825,25-44 years old
2020,037,37,Number,78509,25-44 years old
2020,038,38,Number,80545,25-44 years old
2020,039,39,Number,83941,25-44 years old
2020,040,40,Number,85493,25-44 years old
2020,041,41,Number,79733,25-44 years old
2020,042,42,Number,77082,25-44 years old
2020,043,43,Number,75710,25-44 years old
2020,044,44,Number,76262,25-44 years old
2020,045,45,Number,74993,45-64 years old
2020,046,46,Number,73690,45-64 years old
2020,047,47,Number,72619,45-64 years old
2020,048,48,Number,70635,45-64 years old
2020,049,49,Number,70686,45-64 years old
2020,050,50,Number,67655,45-64 years old
2020,051,51,Number,64312,45-64 years old
2020,052,52,Number,63491,45-64 years old
2020,053,53,Number,62203,45-64 years old
2020,054,54,Number,62262,45-64 years old
2020,055,55,Number,62037,45-64 years old
2020,056,56,Number,60441,45-64 years old
2020,057,57,Number,59055,45-64 years old
2020,058,58,Number,57145,45-64 years old
2020,059,59,Number,57346,45-64 years old
2020,060,60,Number,54796,45-64 years old
2020,061,61,Number,54357,45-64 years old
2020,062,62,Number,52086,45-64 years old
2020,063,63,Number,50788,45-64 years old
2020,064,64,Number,49574,45-64 years old
2020,065,65,Number,48726,65 and over
2020,066,66,Number,47147,65 and over
2020,067,67,Number,46018,65 and over
2020,068,68,Number,44637,65 and over
2020,069,69,Number,42189,65 and over
2020,070,70,Number,41504,65 and over
2020,071,71,Number,39973,65 and over
2020,072,72,Number,38803,65 and over
2020,073,73,Number,36977,65 and over
2020,074,74,Number,35253,65 and over
2020,075,75,Number,33706,65 and over
2020,076,76,Number,29527,65 and over
2020,077,77,Number,27236,65 and over
2020,078,78,Number,25735,65 and over
2020,079,79,Number,22294,65 and over
2020,080,80,Number,21353,65 and over
2020,081,81,Number,19682,65 and over
2020,082,82,Number,17828,65 and over
2020,083,83,Number,16521,65 and over
2020,084,84,Number,15409,65 and over
2020,085,85,Number,13585,65 and over
2020,086,86,Number,11430,65 and over
2020,087,87,Number,9583,65 and over
2020,088,88,Number,8342,65 and over
2020,089,89,Number,7368,65 and over
2020,090,90,Number,6250,65 and over
2020,091,91,Number,5207,65 and over
2020,092,92,Number,3962,65 and over
2020,093,93,Number,2874,65 and over
2020,094,94,Number,2461,65 and over
2020,095,95,Number,1453,65 and over
2020,096,96,Number,853,65 and over
2020,097,97,Number,744,65 and over
2020,098,98,Number,435,65 and over
2020,646,99,Number,1050,65 and over
2021,200,0,Number,55868,0-14 years old
2021,001,1,Number,58014,0-14 years old
2021,002,2,Number,59718,0-14 years old
2021,003,3,Number,63108,0-14 years old
2021,004,4,Number,64158,0-14 years old
2021,005,5,Number,64283,0-14 years old
2021,006,6,Number,66499,0-14 years old
2021,007,7,Number,68850,0-14 years old
2021,008,8,Number,70358,0-14 years old
2021,009,9,Number,72714,0-14 years old
2021,010,10,Number,74024,0-14 years old
2021,011,11,Number,74585,0-14 years old
2021,012,12,Number,73922,0-14 years old
2021,013,13,Number,72698,0-14 years old
2021,014,14,Number,68803,0-14 years old
2021,015,15,Number,66694,15-24 years old
2021,016,16,Number,66321,15-24 years old
2021,017,17,Number,66372,15-24 years old
2021,018,18,Number,65051,15-24 years old
2021,019,19,Number,64527,15-24 years old
2021,020,20,Number,62599,15-24 years old
2021,021,21,Number,62619,15-24 years old
2021,022,22,Number,63377,15-24 years old
2021,023,23,Number,62826,15-24 years old
2021,024,24,Number,59969,15-24 years old
2021,025,25,Number,58326,25-44 years old
2021,026,26,Number,58761,25-44 years old
2021,027,27,Number,58383,25-44 years old
2021,028,28,Number,58740,25-44 years old
2021,029,29,Number,60633,25-44 years old
2021,030,30,Number,63947,25-44 years old
2021,031,31,Number,63850,25-44 years old
2021,032,32,Number,66868,25-44 years old
2021,033,33,Number,66406,25-44 years old
2021,034,34,Number,69399,25-44 years old
2021,035,35,Number,72631,25-44 years old
2021,036,36,Number,73287,25-44 years old
2021,037,37,Number,75855,25-44 years old
2021,038,38,Number,79507,25-44 years old
2021,039,39,Number,81727,25-44 years old
2021,040,40,Number,84033,25-44 years old
2021,041,41,Number,85923,25-44 years old
2021,042,42,Number,79925,25-44 years old
2021,043,43,Number,77530,25-44 years old
2021,044,44,Number,76172,25-44 years old
2021,045,45,Number,76693,45-64 years old
2021,046,46,Number,74399,45-64 years old
2021,047,47,Number,73279,45-64 years old
2021,048,48,Number,72730,45-64 years old
2021,049,49,Number,71066,45-64 years old
2021,050,50,Number,70666,45-64 years old
2021,051,51,Number,68074,45-64 years old
2021,052,52,Number,64571,45-64 years old
2021,053,53,Number,63766,45-64 years old
2021,054,54,Number,62466,45-64 years old
2021,055,55,Number,62283,45-64 years old
2021,056,56,Number,62116,45-64 years old
2021,057,57,Number,60514,45-64 years old
2021,058,58,Number,59064,45-64 years old
2021,059,59,Number,57217,45-64 years old
2021,060,60,Number,57192,45-64 years old
2021,061,61,Number,54726,45-64 years old
2021,062,62,Number,54122,45-64 years old
2021,063,63,Number,51825,45-64 years old
2021,064,64,Number,50590,45-64 years old
2021,065,65,Number,49080,65 and over
2021,066,66,Number,48082,65 and over
2021,067,67,Number,47114,65 and over
2021,068,68,Number,45581,65 and over
2021,069,69,Number,44224,65 and over
2021,070,70,Number,41582,65 and over
2021,071,71,Number,40922,65 and over
2021,072,72,Number,39354,65 and over
2021,073,73,Number,38068,65 and over
2021,074,74,Number,36302,65 and over
2021,075,75,Number,34334,65 and over
2021,076,76,Number,32509,65 and over
2021,077,77,Number,28583,65 and over
2021,078,78,Number,26414,65 and over
2021,079,79,Number,25381,65 and over
2021,080,80,Number,21267,65 and over
2021,081,81,Number,20110,65 and over
2021,082,82,Number,18537,65 and over
2021,083,83,Number,16815,65 and over
2021,084,84,Number,15646,65 and over
2021,085,85,Number,13858,65 and over
2021,086,86,Number,11792,65 and over
2021,087,87,Number,9991,65 and over
2021,088,88,Number,8391,65 and over
2021,089,89,Number,7285,65 and over
2021,090,90,Number,6220,65 and over
2021,091,91,Number,5535,65 and over
2021,092,92,Number,3900,65 and over
2021,093,93,Number,3070,65 and over
2021,094,94,Number,2298,65 and over
2021,095,95,Number,1489,65 and over
2021,096,96,Number,1086,65 and over
2021,097,97,Number,896,65 and over
2021,098,98,Number,597,65 and over
2021,646,99,Number,1136,65 and over
2022,200,0,Number,57684,0-14 years old
2022,001,1,Number,56631,0-14 years old
2022,002,2,Number,59250,0-14 years old
2022,003,3,Number,60596,0-14 years old
2022,004,4,Number,61673,0-14 years old
2022,005,5,Number,64232,0-14 years old
2022,006,6,Number,66903,0-14 years old
2022,007,7,Number,69184,0-14 years old
2022,008,8,Number,70916,0-14 years old
2022,009,9,Number,72344,0-14 years old
2022,010,10,Number,74362,0-14 years old
2022,011,11,Number,75309,0-14 years old
2022,012,12,Number,76409,0-14 years old
2022,013,13,Number,75331,0-14 years old
2022,014,14,Number,73468,0-14 years old
2022,015,15,Number,70285,15-24 years old
2022,016,16,Number,67922,15-24 years old
2022,017,17,Number,67840,15-24 years old
2022,018,18,Number,66667,15-24 years old
2022,019,19,Number,65062,15-24 years old
2022,020,20,Number,64285,15-24 years old
2022,021,21,Number,62016,15-24 years old
2022,022,22,Number,63148,15-24 years old
2022,023,23,Number,61910,15-24 years old
2022,024,24,Number,60582,15-24 years old
2022,025,25,Number,60299,25-44 years old
2022,026,26,Number,58928,25-44 years old
2022,027,27,Number,59374,25-44 years old
2022,028,28,Number,59200,25-44 years old
2022,029,29,Number,61333,25-44 years old
2022,030,30,Number,64580,25-44 years old
2022,031,31,Number,66283,25-44 years old
2022,032,32,Number,67159,25-44 years old
2022,033,33,Number,66717,25-44 years old
2022,034,34,Number,69787,25-44 years old
2022,035,35,Number,73565,25-44 years old
2022,036,36,Number,75211,25-44 years old
2022,037,37,Number,76151,25-44 years old
2022,038,38,Number,79016,25-44 years old
2022,039,39,Number,81867,25-44 years old
2022,040,40,Number,84847,25-44 years old
2022,041,41,Number,85510,25-44 years old
2022,042,42,Number,85562,25-44 years old
2022,043,43,Number,81081,25-44 years old
2022,044,44,Number,77726,25-44 years old
2022,045,45,Number,77106,45-64 years old
2022,046,46,Number,75821,45-64 years old
2022,047,47,Number,74852,45-64 years old
2022,048,48,Number,74064,45-64 years old
2022,049,49,Number,74162,45-64 years old
2022,050,50,Number,73528,45-64 years old
2022,051,51,Number,70348,45-64 years old
2022,052,52,Number,69156,45-64 years old
2022,053,53,Number,65229,45-64 years old
2022,054,54,Number,64618,45-64 years old
2022,055,55,Number,63761,45-64 years old
2022,056,56,Number,62359,45-64 years old
2022,057,57,Number,63101,45-64 years old
2022,058,58,Number,60908,45-64 years old
2022,059,59,Number,59615,45-64 years old
2022,060,60,Number,58920,45-64 years old
2022,061,61,Number,57109,45-64 years old
2022,062,62,Number,55525,45-64 years old
2022,063,63,Number,52647,45-64 years old
2022,064,64,Number,51633,45-64 years old
2022,065,65,Number,50991,65 and over
2022,066,66,Number,48871,65 and over
2022,067,67,Number,48501,65 and over
2022,068,68,Number,45890,65 and over
2022,069,69,Number,46229,65 and over
2022,070,70,Number,44013,65 and over
2022,071,71,Number,41933,65 and over
2022,072,72,Number,41412,65 and over
2022,073,73,Number,39497,65 and over
2022,074,74,Number,37829,65 and over
2022,075,75,Number,36087,65 and over
2022,076,76,Number,33937,65 and over
2022,077,77,Number,30686,65 and over
2022,078,78,Number,28119,65 and over
2022,079,79,Number,26188,65 and over
2022,080,80,Number,23000,65 and over
2022,081,81,Number,20672,65 and over
2022,082,82,Number,19555,65 and over
2022,083,83,Number,17890,65 and over
2022,084,84,Number,15641,65 and over
2022,085,85,Number,14486,65 and over
2022,086,86,Number,12856,65 and over
2022,087,87,Number,11255,65 and over
2022,088,88,Number,9696,65 and over
2022,089,89,Number,7965,65 and over
2022,090,90,Number,6724,65 and over
2022,091,91,Number,5720,65 and over
2022,092,92,Number,4094,65 and over
2022,093,93,Number,3251,65 and over
2022,094,94,Number,2453,65 and over
2022,095,95,Number,1821,65 and over
2022,096,96,Number,1282,65 and over
2022,097,97,Number,949,65 and over
2022,098,98,Number,621,65 and over
2022,646,99,Number,1185,65 and over
2023,200,0,Number,55716,0-14 years old
2023,001,1,Number,58637,0-14 years old
2023,002,2,Number,57598,0-14 years old
2023,003,3,Number,60245,0-14 years old
2023,004,4,Number,61573,0-14 years old
2023,005,5,Number,62747,0-14 years old
2023,006,6,Number,65358,0-14 years old
2023,007,7,Number,68062,0-14 years old
2023,008,8,Number,70395,0-14 years old
2023,009,9,Number,72084,0-14 years old
2023,010,10,Number,73540,0-14 years old
2023,011,11,Number,75509,0-14 years old
2023,012,12,Number,76424,0-14 years old
2023,013,13,Number,77440,0-14 years old
2023,014,14,Number,76311,0-14 years old
2023,015,15,Number,74696,15-24 years old
2023,016,16,Number,70807,15-24 years old
2023,017,17,Number,68596,15-24 years old
2023,018,18,Number,68402,15-24 years old
2023,019,19,Number,66954,15-24 years old
2023,020,20,Number,65359,15-24 years old
2023,021,21,Number,64553,15-24 years old
2023,022,22,Number,62414,15-24 years old
2023,023,23,Number,63319,15-24 years old
2023,024,24,Number,62115,15-24 years old
2023,025,25,Number,61676,25-44 years old
2023,026,26,Number,62704,25-44 years old
2023,027,27,Number,61053,25-44 years old
2023,028,28,Number,61605,25-44 years old
2023,029,29,Number,61465,25-44 years old
2023,030,30,Number,63533,25-44 years old
2023,031,31,Number,66723,25-44 years old
2023,032,32,Number,68518,25-44 years old
2023,033,33,Number,69307,25-44 years old
2023,034,34,Number,68901,25-44 years old
2023,035,35,Number,72045,25-44 years old
2023,036,36,Number,75773,25-44 years old
2023,037,37,Number,77265,25-44 years old
2023,038,38,Number,78308,25-44 years old
2023,039,39,Number,81113,25-44 years old
2023,040,40,Number,83736,25-44 years old
2023,041,41,Number,86640,25-44 years old
2023,042,42,Number,87230,25-44 years old
2023,043,43,Number,87281,25-44 years old
2023,044,44,Number,82847,25-44 years old
2023,045,45,Number,78841,45-64 years old
2023,046,46,Number,77652,45-64 years old
2023,047,47,Number,76335,45-64 years old
2023,048,48,Number,75337,45-64 years old
2023,049,49,Number,74571,45-64 years old
2023,050,50,Number,74617,45-64 years old
2023,051,51,Number,73900,45-64 years old
2023,052,52,Number,70705,45-64 years old
2023,053,53,Number,69573,45-64 years old
2023,054,54,Number,65677,45-64 years old
2023,055,55,Number,64931,45-64 years old
2023,056,56,Number,64063,45-64 years old
2023,057,57,Number,62712,45-64 years old
2023,058,58,Number,63386,45-64 years old
2023,059,59,Number,61217,45-64 years old
2023,060,60,Number,59936,45-64 years old
2023,061,61,Number,59205,45-64 years old
2023,062,62,Number,57388,45-64 years old
2023,063,63,Number,55789,45-64 years old
2023,064,64,Number,52904,45-64 years old
2023,065,65,Number,51575,65 and over
2023,066,66,Number,50772,65 and over
2023,067,67,Number,48556,65 and over
2023,068,68,Number,48298,65 and over
2023,069,69,Number,45628,65 and over
2023,070,70,Number,45793,65 and over
2023,071,71,Number,43419,65 and over
2023,072,72,Number,41412,65 and over
2023,073,73,Number,40895,65 and over
2023,074,74,Number,39026,65 and over
2023,075,75,Number,36963,65 and over
2023,076,76,Number,35086,65 and over
2023,077,77,Number,32978,65 and over
2023,078,78,Number,29757,65 and over
2023,079,79,Number,27306,65 and over
2023,080,80,Number,25056,65 and over
2023,081,81,Number,21745,65 and over
2023,082,82,Number,19552,65 and over
2023,083,83,Number,18477,65 and over
2023,084,84,Number,16930,65 and over
2023,085,85,Number,13963,65 and over
2023,086,86,Number,12534,65 and over
2023,087,87,Number,11121,65 and over
2023,088,88,Number,9778,65 and over
2023,089,89,Number,8352,65 and over
2023,090,90,Number,6911,65 and over
2023,091,91,Number,5806,65 and over
2023,092,92,Number,5001,65 and over
2023,093,93,Number,3545,65 and over
2023,094,94,Number,2807,65 and over
2023,095,95,Number,2128,65 and over
2023,096,96,Number,1581,65 and over
2023,097,97,Number,1116,65 and over
2023,098,98,Number,829,65 and over
2023,646,99,Number,1600,65 and over
